{"cameraMode":{"drawMode":0,"name":"Shaded","section":"Shading Mode"},"sceneLighting":true,"audioPlay":false,"sceneViewState":{"m_AlwaysRefresh":false,"showFog":true,"showSkybox":true,"showFlares":true,"showImageEffects":true,"showParticleSystems":true,"showVisualEffectGraphs":true,"m_FxEnabled":true},"in2DMode":false,"pivot":{"x":123.54216766357422,"y":235.63348388671876,"z":249.8783416748047},"rotation":{"x":-0.11226260662078858,"y":0.002392446855083108,"z":-0.0002686861844267696,"w":-0.9936793446540833},"size":265.0679016113281,"orthographic":false}